{
  "model": "qwen3.5-4b",
  "hf_id": "Qwen/Qwen3.5-4B",
  "n_layers": 32,
  "d_model": 2560,
  "generated": {
    "log_time_horizon": {
      "0": {
        "r2_train": 0.1679,
        "r2_cv": 0.0457,
        "alpha": 1000.0,
        "pca_dims": 20,
        "pca_var": 0.8392999768257141
      },
      "2": {
        "r2_train": 0.2161,
        "r2_cv": 0.0953,
        "alpha": 1000.0,
        "pca_dims": 20,
        "pca_var": 0.8112000226974487
      },
      "4": {
        "r2_train": 0.2507,
        "r2_cv": 0.1223,
        "alpha": 1000.0,
        "pca_dims": 20,
        "pca_var": 0.7986999750137329
      },
      "6": {
        "r2_train": 0.2577,
        "r2_cv": 0.1335,
        "alpha": 1000.0,
        "pca_dims": 20,
        "pca_var": 0.77920001745224
      },
      "8": {
        "r2_train": 0.2479,
        "r2_cv": 0.1407,
        "alpha": 1000.0,
        "pca_dims": 20,
        "pca_var": 0.7644000053405762
      },
      "10": {
        "r2_train": 0.2777,
        "r2_cv": 0.1712,
        "alpha": 1000.0,
        "pca_dims": 20,
        "pca_var": 0.7486000061035156
      },
      "12": {
        "r2_train": 0.2811,
        "r2_cv": 0.1745,
        "alpha": 1000.0,
        "pca_dims": 20,
        "pca_var": 0.7440999746322632
      },
      "14": {
        "r2_train": 0.3085,
        "r2_cv": 0.2085,
        "alpha": 1000.0,
        "pca_dims": 20,
        "pca_var": 0.7405999898910522
      },
      "16": {
        "r2_train": 0.2942,
        "r2_cv": 0.1944,
        "alpha": 1000.0,
        "pca_dims": 20,
        "pca_var": 0.7541000247001648
      },
      "18": {
        "r2_train": 0.2942,
        "r2_cv": 0.1917,
        "alpha": 1000.0,
        "pca_dims": 20,
        "pca_var": 0.7735999822616577
      },
      "20": {
        "r2_train": 0.3222,
        "r2_cv": 0.2158,
        "alpha": 1000.0,
        "pca_dims": 20,
        "pca_var": 0.791100025177002
      },
      "22": {
        "r2_train": 0.3268,
        "r2_cv": 0.2105,
        "alpha": 1000.0,
        "pca_dims": 20,
        "pca_var": 0.792900025844574
      },
      "24": {
        "r2_train": 0.2988,
        "r2_cv": 0.1815,
        "alpha": 1000.0,
        "pca_dims": 20,
        "pca_var": 0.7907000184059143
      },
      "26": {
        "r2_train": 0.3204,
        "r2_cv": 0.2138,
        "alpha": 1000.0,
        "pca_dims": 20,
        "pca_var": 0.7836999893188477
      },
      "28": {
        "r2_train": 0.3363,
        "r2_cv": 0.229,
        "alpha": 1000.0,
        "pca_dims": 20,
        "pca_var": 0.7731000185012817
      },
      "30": {
        "r2_train": 0.3985,
        "r2_cv": 0.3049,
        "alpha": 1000.0,
        "pca_dims": 20,
        "pca_var": 0.7778000235557556
      },
      "32": {
        "r2_train": 0.4504,
        "r2_cv": 0.3664,
        "alpha": 1000.0,
        "pca_dims": 20,
        "pca_var": 0.7955999970436096
      }
    },
    "planning_depth": {
      "0": {
        "r2_train": 0.1594,
        "r2_cv": 0.0038,
        "alpha": 1000.0,
        "pca_dims": 20,
        "pca_var": 0.8392999768257141
      },
      "2": {
        "r2_train": 0.2136,
        "r2_cv": 0.0626,
        "alpha": 1000.0,
        "pca_dims": 20,
        "pca_var": 0.8112000226974487
      },
      "4": {
        "r2_train": 0.2133,
        "r2_cv": 0.0393,
        "alpha": 1000.0,
        "pca_dims": 20,
        "pca_var": 0.7986999750137329
      },
      "6": {
        "r2_train": 0.2496,
        "r2_cv": 0.095,
        "alpha": 1000.0,
        "pca_dims": 20,
        "pca_var": 0.77920001745224
      },
      "8": {
        "r2_train": 0.2252,
        "r2_cv": 0.0809,
        "alpha": 1000.0,
        "pca_dims": 20,
        "pca_var": 0.7644000053405762
      },
      "10": {
        "r2_train": 0.2613,
        "r2_cv": 0.117,
        "alpha": 1000.0,
        "pca_dims": 20,
        "pca_var": 0.7486000061035156
      },
      "12": {
        "r2_train": 0.2643,
        "r2_cv": 0.1192,
        "alpha": 1000.0,
        "pca_dims": 20,
        "pca_var": 0.7440999746322632
      },
      "14": {
        "r2_train": 0.2825,
        "r2_cv": 0.1309,
        "alpha": 1000.0,
        "pca_dims": 20,
        "pca_var": 0.7405999898910522
      },
      "16": {
        "r2_train": 0.2725,
        "r2_cv": 0.1275,
        "alpha": 1000.0,
        "pca_dims": 20,
        "pca_var": 0.7541000247001648
      },
      "18": {
        "r2_train": 0.2755,
        "r2_cv": 0.1253,
        "alpha": 1000.0,
        "pca_dims": 20,
        "pca_var": 0.7735999822616577
      },
      "20": {
        "r2_train": 0.3069,
        "r2_cv": 0.1624,
        "alpha": 1000.0,
        "pca_dims": 20,
        "pca_var": 0.791100025177002
      },
      "22": {
        "r2_train": 0.2805,
        "r2_cv": 0.1121,
        "alpha": 1000.0,
        "pca_dims": 20,
        "pca_var": 0.792900025844574
      },
      "24": {
        "r2_train": 0.2447,
        "r2_cv": 0.0724,
        "alpha": 1000.0,
        "pca_dims": 20,
        "pca_var": 0.7907000184059143
      },
      "26": {
        "r2_train": 0.2472,
        "r2_cv": 0.0725,
        "alpha": 1000.0,
        "pca_dims": 20,
        "pca_var": 0.7836999893188477
      },
      "28": {
        "r2_train": 0.2578,
        "r2_cv": 0.0787,
        "alpha": 1000.0,
        "pca_dims": 20,
        "pca_var": 0.7731000185012817
      },
      "30": {
        "r2_train": 0.2933,
        "r2_cv": 0.1225,
        "alpha": 1000.0,
        "pca_dims": 20,
        "pca_var": 0.7778000235557556
      },
      "32": {
        "r2_train": 0.337,
        "r2_cv": 0.1816,
        "alpha": 1000.0,
        "pca_dims": 20,
        "pca_var": 0.7955999970436096
      }
    }
  }
}