{
  "model": "qwen3.5-9b",
  "hf_id": "Qwen/Qwen3.5-9B",
  "n_layers": 32,
  "d_model": 4096,
  "generated": {
    "log_time_horizon": {
      "0": {
        "r2_train": 0.2135,
        "r2_cv": 0.0875,
        "alpha": 1000.0,
        "pca_dims": 20,
        "pca_var": 0.8075000047683716
      },
      "2": {
        "r2_train": 0.1913,
        "r2_cv": 0.066,
        "alpha": 1000.0,
        "pca_dims": 20,
        "pca_var": 0.7936000227928162
      },
      "4": {
        "r2_train": 0.2196,
        "r2_cv": 0.0873,
        "alpha": 1000.0,
        "pca_dims": 20,
        "pca_var": 0.7778000235557556
      },
      "6": {
        "r2_train": 0.2288,
        "r2_cv": 0.121,
        "alpha": 1000.0,
        "pca_dims": 20,
        "pca_var": 0.7608000040054321
      },
      "8": {
        "r2_train": 0.2678,
        "r2_cv": 0.1306,
        "alpha": 1000.0,
        "pca_dims": 20,
        "pca_var": 0.753600001335144
      },
      "10": {
        "r2_train": 0.2817,
        "r2_cv": 0.132,
        "alpha": 1000.0,
        "pca_dims": 20,
        "pca_var": 0.7391999959945679
      },
      "12": {
        "r2_train": 0.2888,
        "r2_cv": 0.1897,
        "alpha": 1000.0,
        "pca_dims": 20,
        "pca_var": 0.7315999865531921
      },
      "14": {
        "r2_train": 0.322,
        "r2_cv": 0.2228,
        "alpha": 1000.0,
        "pca_dims": 20,
        "pca_var": 0.7174999713897705
      },
      "16": {
        "r2_train": 0.2846,
        "r2_cv": 0.1887,
        "alpha": 1000.0,
        "pca_dims": 20,
        "pca_var": 0.7235999703407288
      },
      "18": {
        "r2_train": 0.2838,
        "r2_cv": 0.1781,
        "alpha": 1000.0,
        "pca_dims": 20,
        "pca_var": 0.7391999959945679
      },
      "20": {
        "r2_train": 0.32,
        "r2_cv": 0.219,
        "alpha": 1000.0,
        "pca_dims": 20,
        "pca_var": 0.7576000094413757
      },
      "22": {
        "r2_train": 0.3855,
        "r2_cv": 0.2842,
        "alpha": 1000.0,
        "pca_dims": 20,
        "pca_var": 0.7684999704360962
      },
      "24": {
        "r2_train": 0.3783,
        "r2_cv": 0.2766,
        "alpha": 1000.0,
        "pca_dims": 20,
        "pca_var": 0.7638999819755554
      },
      "26": {
        "r2_train": 0.4043,
        "r2_cv": 0.305,
        "alpha": 1000.0,
        "pca_dims": 20,
        "pca_var": 0.7569000124931335
      },
      "28": {
        "r2_train": 0.2866,
        "r2_cv": 0.1764,
        "alpha": 1000.0,
        "pca_dims": 20,
        "pca_var": 0.7491000294685364
      },
      "30": {
        "r2_train": 0.4581,
        "r2_cv": 0.3662,
        "alpha": 1000.0,
        "pca_dims": 20,
        "pca_var": 0.7542999982833862
      },
      "32": {
        "r2_train": 0.6028,
        "r2_cv": 0.5335,
        "alpha": 1000.0,
        "pca_dims": 20,
        "pca_var": 0.7807999849319458
      }
    },
    "planning_depth": {
      "0": {
        "r2_train": 0.2121,
        "r2_cv": 0.0624,
        "alpha": 1000.0,
        "pca_dims": 20,
        "pca_var": 0.8075000047683716
      },
      "2": {
        "r2_train": 0.1878,
        "r2_cv": 0.0353,
        "alpha": 1000.0,
        "pca_dims": 20,
        "pca_var": 0.7936000227928162
      },
      "4": {
        "r2_train": 0.2047,
        "r2_cv": 0.0319,
        "alpha": 1000.0,
        "pca_dims": 20,
        "pca_var": 0.7778000235557556
      },
      "6": {
        "r2_train": 0.232,
        "r2_cv": 0.0688,
        "alpha": 1000.0,
        "pca_dims": 20,
        "pca_var": 0.7608000040054321
      },
      "8": {
        "r2_train": 0.2409,
        "r2_cv": 0.0395,
        "alpha": 1000.0,
        "pca_dims": 20,
        "pca_var": 0.753600001335144
      },
      "10": {
        "r2_train": 0.232,
        "r2_cv": 0.0285,
        "alpha": 1000.0,
        "pca_dims": 20,
        "pca_var": 0.7391999959945679
      },
      "12": {
        "r2_train": 0.242,
        "r2_cv": 0.081,
        "alpha": 1000.0,
        "pca_dims": 20,
        "pca_var": 0.7315999865531921
      },
      "14": {
        "r2_train": 0.2526,
        "r2_cv": 0.0813,
        "alpha": 1000.0,
        "pca_dims": 20,
        "pca_var": 0.7174999713897705
      },
      "16": {
        "r2_train": 0.2561,
        "r2_cv": 0.0976,
        "alpha": 1000.0,
        "pca_dims": 20,
        "pca_var": 0.7235999703407288
      },
      "18": {
        "r2_train": 0.2468,
        "r2_cv": 0.0817,
        "alpha": 1000.0,
        "pca_dims": 20,
        "pca_var": 0.7391999959945679
      },
      "20": {
        "r2_train": 0.2733,
        "r2_cv": 0.1095,
        "alpha": 1000.0,
        "pca_dims": 20,
        "pca_var": 0.7576000094413757
      },
      "22": {
        "r2_train": 0.3132,
        "r2_cv": 0.1568,
        "alpha": 1000.0,
        "pca_dims": 20,
        "pca_var": 0.7684999704360962
      },
      "24": {
        "r2_train": 0.2732,
        "r2_cv": 0.1145,
        "alpha": 1000.0,
        "pca_dims": 20,
        "pca_var": 0.7638999819755554
      },
      "26": {
        "r2_train": 0.2966,
        "r2_cv": 0.1426,
        "alpha": 1000.0,
        "pca_dims": 20,
        "pca_var": 0.7569000124931335
      },
      "28": {
        "r2_train": 0.238,
        "r2_cv": 0.0784,
        "alpha": 1000.0,
        "pca_dims": 20,
        "pca_var": 0.7491000294685364
      },
      "30": {
        "r2_train": 0.3265,
        "r2_cv": 0.1734,
        "alpha": 1000.0,
        "pca_dims": 20,
        "pca_var": 0.7542999982833862
      },
      "32": {
        "r2_train": 0.4149,
        "r2_cv": 0.2771,
        "alpha": 1000.0,
        "pca_dims": 20,
        "pca_var": 0.7807999849319458
      }
    }
  }
}