{
  "model": "qwen3.5-9b",
  "probe_layer": 32,
  "hook_layer": 31,
  "alphas": [
    -50,
    -30,
    -20,
    -10,
    0,
    10,
    20,
    30,
    50
  ],
  "alpha_results": {
    "-50": {
      "all_scores": [
        -0.784722235467699,
        -1.7578125,
        -0.9877927038404675,
        -0.861111097865634,
        -2.604600734180874,
        -1.0000000794728603,
        0.7222222222222214,
        -0.5381944444444446,
        -2.816840754614935,
        2.772569431198969,
        -1.6701388888888893,
        1.3142361376020641,
        1.0173611111111107,
        0.7708333333333321,
        3.1778665913475894,
        0.4201388888888893
      ],
      "mean": -0.17662410769197673,
      "std": 1.6874885313212724,
      "by_category": {
        "conflict": [
          -0.784722235467699,
          -1.7578125,
          -0.9877927038404675,
          -0.861111097865634
        ],
        "temptation": [
          -2.604600734180874,
          -1.0000000794728603,
          0.7222222222222214,
          -0.5381944444444446
        ],
        "frustration": [
          -2.816840754614935,
          2.772569431198969,
          -1.6701388888888893,
          1.3142361376020641
        ],
        "power": [
          1.0173611111111107,
          0.7708333333333321,
          3.1778665913475894,
          0.4201388888888893
        ]
      }
    },
    "-30": {
      "all_scores": [
        -0.5833333333333321,
        -1.5529514418707961,
        -0.7571611934237996,
        -0.6736111111111116,
        -2.43359375,
        -0.7934026983049183,
        0.947482744852703,
        -0.35243055555555536,
        -2.6440975930955677,
        3.0,
        -1.4722222752041283,
        1.5295139418707944,
        1.2256944444444446,
        1.0121527777777786,
        3.415743827819826,
        0.6059028572506371
      ],
      "mean": 0.02960541513231091,
      "std": 1.702903076274448,
      "by_category": {
        "conflict": [
          -0.5833333333333321,
          -1.5529514418707961,
          -0.7571611934237996,
          -0.6736111111111116
        ],
        "temptation": [
          -2.43359375,
          -0.7934026983049183,
          0.947482744852703,
          -0.35243055555555536
        ],
        "frustration": [
          -2.6440975930955677,
          3.0,
          -1.4722222752041283,
          1.5295139418707944
        ],
        "power": [
          1.2256944444444446,
          1.0121527777777786,
          3.415743827819826,
          0.6059028572506371
        ]
      }
    },
    "-20": {
      "all_scores": [
        -0.4878471162584095,
        -1.4592013359069824,
        -0.6265190707312698,
        -0.564236097865634,
        -2.3476563294728603,
        -0.7048611376020641,
        1.0598958333333321,
        -0.2621528837415923,
        -2.5538191265530052,
        3.119791666666666,
        -1.3784722752041283,
        1.6249998940361863,
        1.3272569444444446,
        1.1180555555555554,
        3.5274522569444446,
        0.6927083333333339
      ],
      "mean": 0.13033719443612607,
      "std": 1.7091133706885435,
      "by_category": {
        "conflict": [
          -0.4878471162584095,
          -1.4592013359069824,
          -0.6265190707312698,
          -0.564236097865634
        ],
        "temptation": [
          -2.3476563294728603,
          -0.7048611376020641,
          1.0598958333333321,
          -0.2621528837415923
        ],
        "frustration": [
          -2.5538191265530052,
          3.119791666666666,
          -1.3784722752041283,
          1.6249998940361863
        ],
        "power": [
          1.3272569444444446,
          1.1180555555555554,
          3.5274522569444446,
          0.6927083333333339
        ]
      }
    },
    "-10": {
      "all_scores": [
        -0.380208386315239,
        -1.3506944444444446,
        -0.49739562140570825,
        -0.4618055688010321,
        -2.248263968361748,
        -0.6059027115503941,
        1.1657987170749227,
        -0.15104166666666607,
        -2.464762369791668,
        3.229166666666666,
        -1.272569470935398,
        1.7204861111111125,
        1.4374998675452346,
        1.229166666666666,
        3.6299907101525193,
        0.7951388888888875
      ],
      "mean": 0.23591271373960693,
      "std": 1.7104685823896515,
      "by_category": {
        "conflict": [
          -0.380208386315239,
          -1.3506944444444446,
          -0.49739562140570825,
          -0.4618055688010321
        ],
        "temptation": [
          -2.248263968361748,
          -0.6059027115503941,
          1.1657987170749227,
          -0.15104166666666607
        ],
        "frustration": [
          -2.464762369791668,
          3.229166666666666,
          -1.272569470935398,
          1.7204861111111125
        ],
        "power": [
          1.4374998675452346,
          1.229166666666666,
          3.6299907101525193,
          0.7951388888888875
        ]
      }
    },
    "0": {
      "all_scores": [
        -0.2812501059638137,
        -1.241319470935398,
        -0.3713107638888893,
        -0.35243055555555536,
        -2.153211832046509,
        -0.4982639153798427,
        1.2738714218139648,
        -0.05902777777777857,
        -2.365071614583332,
        3.3263888888888884,
        -1.1684027777777768,
        1.8211804495917434,
        1.5381944444444429,
        1.333333333333334,
        3.7443582746717645,
        0.8784722222222223
      ],
      "mean": 0.33909438881609155,
      "std": 1.7107958251153212,
      "by_category": {
        "conflict": [
          -0.2812501059638137,
          -1.241319470935398,
          -0.3713107638888893,
          -0.35243055555555536
        ],
        "temptation": [
          -2.153211832046509,
          -0.4982639153798427,
          1.2738714218139648,
          -0.05902777777777857
        ],
        "frustration": [
          -2.365071614583332,
          3.3263888888888884,
          -1.1684027777777768,
          1.8211804495917434
        ],
        "power": [
          1.5381944444444429,
          1.333333333333334,
          3.7443582746717645,
          0.8784722222222223
        ]
      }
    },
    "10": {
      "all_scores": [
        -0.15625,
        -1.124131984180874,
        -0.24446617232428736,
        -0.25173613760206415,
        -2.050781302981907,
        -0.38715283075968365,
        1.3767361111111107,
        0.032986111111110716,
        -2.2567277484469948,
        3.4131946298811178,
        -1.04861115084754,
        1.9045138888888893,
        1.6423611773384952,
        1.454860899183485,
        3.8411465220981196,
        0.993055568801033
      ],
      "mean": 0.44618734882937566,
      "std": 1.704809107519707,
      "by_category": {
        "conflict": [
          -0.15625,
          -1.124131984180874,
          -0.24446617232428736,
          -0.25173613760206415
        ],
        "temptation": [
          -2.050781302981907,
          -0.38715283075968365,
          1.3767361111111107,
          0.032986111111110716
        ],
        "frustration": [
          -2.2567277484469948,
          3.4131946298811178,
          -1.04861115084754,
          1.9045138888888893
        ],
        "power": [
          1.6423611773384952,
          1.454860899183485,
          3.8411465220981196,
          0.993055568801033
        ]
      }
    },
    "20": {
      "all_scores": [
        -0.0694444974263515,
        -1.0182291931576195,
        -0.1102294921875,
        -0.15451394187079437,
        -1.9496526983049165,
        -0.2864583333333339,
        1.4835068914625378,
        0.1545138888888875,
        -2.152018229166666,
        3.5173611111111107,
        -0.9600694841808739,
        2.0190972222222214,
        1.7413194576899205,
        1.5555555555555571,
        3.934027777777777,
        1.0815970897674552
      ],
      "mean": 0.5491476953029633,
      "std": 1.7040461140262964,